{
  "device": "mps",
  "hyperparameters": {
    "learning_rate": 0.01,
    "weight_decay": 0.1,
    "num_epochs": 20,
    "batch_size": 32
  },
  "train_loss": [
    0.6252096433639527,
    0.6189681875705719,
    0.6204440760612487,
    0.6192614310979843,
    0.6203928834199905,
    0.6203800067901611,
    0.6199348376989364,
    0.619477175951004,
    0.6186907254457473,
    0.6188731753826141,
    0.6201034334897995,
    0.6202014974355697,
    0.6201122756004334,
    0.61962135887146,
    0.6184425785541534,
    0.6196400814056396,
    0.6189953954219818,
    0.618975318312645,
    0.6193928138017655,
    0.6193414486646652
  ],
  "valid_loss": [
    0.6158826842308044,
    0.6151650743484497,
    0.6161858472824097,
    0.6089604473114014,
    0.6161157193183899,
    0.615117491722107,
    0.6176960105895997,
    0.6049594116210938,
    0.6199797759056092,
    0.6224657235145569,
    0.6078127794265747,
    0.6163865232467651,
    0.6139623527526855,
    0.6144330253601075,
    0.6202976365089417,
    0.614534707069397,
    0.6185939216613769,
    0.6237744975090027,
    0.6191139430999756,
    0.6159146132469178
  ],
  "valid_auroc": [
    0.6431581839296684,
    0.5145494615709459,
    0.4786631891124079,
    0.5247061914542384,
    0.4597329929361179,
    0.44809162411701475,
    0.5463921174370393,
    0.5618425598894349,
    0.5441216696099509,
    0.5870334334689803,
    0.5427935925982801,
    0.43812024915540543,
    0.5276514751612408,
    0.47641133676289926,
    0.5452361985565111,
    0.5860340765125921,
    0.5148205956311425,
    0.5690090170070639,
    0.45041425925214984,
    0.5093475266815111
  ],
  "valid_f1": [
    0.0,
    0.0,
    0.0,
    0.0,
    0.0,
    0.0,
    0.0,
    0.0,
    0.0,
    0.0,
    0.0,
    0.0,
    0.0,
    0.0,
    0.0,
    0.0,
    0.0,
    0.0,
    0.0,
    0.0
  ],
  "valid_ap": [
    0.4125010998384951,
    0.30482811928493087,
    0.3036976281270125,
    0.3117170050332999,
    0.2817927660175342,
    0.2654143610647689,
    0.355900695736302,
    0.3569828809739878,
    0.34085459011293356,
    0.3588349837224718,
    0.3377185363565117,
    0.26987085372811126,
    0.31942649968706904,
    0.29569434479468787,
    0.3404526322003357,
    0.36091489072964444,
    0.32849334997366253,
    0.36653358284592613,
    0.27946814460271474,
    0.2997539567166114
  ],
  "final_metrics": {
    "train_loss": 0.6193414486646652,
    "valid_loss": 0.6159146132469178,
    "auroc": 0.5093475266815111,
    "f1": 0.0,
    "ap": 0.2997539567166114
  },
  "best_metrics": {
    "auroc": {
      "value": 0.6431581839296684,
      "epoch": 1
    },
    "f1": {
      "value": 0.0,
      "epoch": 1
    },
    "ap": {
      "value": 0.4125010998384951,
      "epoch": 1
    }
  }
}