{
  "device": "mps",
  "model_type": "Linear with decimation",
  "hyperparameters": {
    "learning_rate": 0.001,
    "weight_decay": 0.0001,
    "num_epochs": 20,
    "batch_size": 32,
    "decimation_factor": 4,
    "total_parameters": 4260609
  },
  "train_loss": [
    0.949811948299408,
    0.7321130003929138,
    0.4217387236356735,
    0.20447950549423694,
    0.1718798783197999,
    0.06200709942355752,
    0.02092562081478536,
    0.010815833303611726,
    0.0120441309758462,
    0.00581974059669301,
    0.004762027208460495,
    0.003941830690018832,
    0.0034110502487746997,
    0.003025628186063841,
    0.0028987459698691966,
    0.002806046720012091,
    0.002722797539900057,
    0.002618004583287984,
    0.0025838234551483767,
    0.0025711134830489753
  ],
  "valid_loss": [
    0.8918158702850342,
    0.9003426651954651,
    1.1751866655349732,
    1.5823419008255004,
    2.0106626901626585,
    2.1647911491394045,
    2.3862323799133303,
    2.4341868677139282,
    2.6079581117630006,
    2.6275351886749267,
    2.7035183753967287,
    2.8916597051620485,
    3.0900576515197753,
    3.1227511920928954,
    3.150852743148804,
    3.199224464416504,
    3.2304858207702636,
    3.2354005794525147,
    3.2629993839263918,
    3.251577974319458
  ],
  "valid_auroc": [
    0.7052832751074939,
    0.7156427556818181,
    0.7040673708154178,
    0.7025857311501843,
    0.6850663918535012,
    0.7118822702318796,
    0.7102014790003071,
    0.7086886469210688,
    0.7103016546375921,
    0.7103430445715602,
    0.7088596053439804,
    0.7054392371775184,
    0.7019138945408476,
    0.701203067414005,
    0.7003440763206388,
    0.6993795109029484,
    0.6984491371698403,
    0.6980502341830468,
    0.6974587780251842,
    0.6972764223740786
  ],
  "valid_f1": [
    0.5147734734077478,
    0.5303867403314917,
    0.5063861758076634,
    0.5277401894451962,
    0.48923076923076925,
    0.4991735537190083,
    0.4891961970613656,
    0.49834437086092714,
    0.477797513321492,
    0.48197009674582236,
    0.4882710686359687,
    0.48776223776223776,
    0.4780662488809311,
    0.4826357969723954,
    0.4819064430714916,
    0.48226950354609927,
    0.4862466725820763,
    0.4880636604774536,
    0.4875444839857651,
    0.49023090586145646
  ],
  "valid_ap": [
    0.48113901656116215,
    0.49394260708629156,
    0.4872997172342818,
    0.477024285449313,
    0.46253922121636215,
    0.49942304428432716,
    0.5021725132192913,
    0.4989078766215315,
    0.4965322271895075,
    0.4995307253185646,
    0.5009499330004894,
    0.5012000231437272,
    0.4969878581713252,
    0.49673514936412405,
    0.4969291559933997,
    0.4953888267813902,
    0.4951246134444227,
    0.4941994718452045,
    0.49361554766664584,
    0.49298690012494334
  ],
  "final_metrics": {
    "train_loss": 0.0025711134830489753,
    "valid_loss": 3.251577974319458,
    "auroc": 0.6972764223740786,
    "f1": 0.49023090586145646,
    "ap": 0.49298690012494334
  },
  "best_metrics": {
    "auroc": {
      "value": 0.7156427556818181,
      "epoch": 2
    },
    "f1": {
      "value": 0.5303867403314917,
      "epoch": 2
    },
    "ap": {
      "value": 0.5021725132192913,
      "epoch": 7
    }
  }
}